주_도_성,국가_지역,위도,경도,발생일시,확진자,사망자,완치자,격리중,WHO보건지역,cluster,c
,Afghanistan,33.93911,67.709953,2020-07-27,36263,1269,25198,9796,Eastern Mediterranean,1,blue
,Albania,41.1533,20.1683,2020-07-27,4880,144,2745,1991,Europe,1,blue
,Algeria,28.0339,1.6596,2020-07-27,27973,1163,18837,7973,Africa,0,red
,Andorra,42.5063,1.5218,2020-07-27,907,52,803,52,Europe,0,red
,Angola,-11.2027,17.8739,2020-07-27,950,41,242,667,Africa,0,red
,Antigua and Barbuda,17.0608,-61.7964,2020-07-27,86,3,65,18,Americas,0,red
,Argentina,-38.4161,-63.6167,2020-07-27,167416,3059,72575,91782,Americas,0,red
,Armenia,40.0691,45.0382,2020-07-27,37390,711,26665,10014,Europe,1,blue
Australian Capital Territory,Australia,-35.4735,149.0124,2020-07-27,113,3,109,1,Western Pacific,1,blue
New South Wales,Australia,-33.8688,151.2093,2020-07-27,3699,49,2989,661,Western Pacific,1,blue
Northern Territory,Australia,-12.4634,130.8456,2020-07-27,31,0,30,1,Western Pacific,1,blue
Queensland,Australia,-27.4698,153.0251,2020-07-27,1076,6,1063,7,Western Pacific,1,blue
South Australia,Australia,-34.9285,138.6007,2020-07-27,447,4,441,2,Western Pacific,1,blue
Tasmania,Australia,-42.8821,147.3272,2020-07-27,229,13,215,1,Western Pacific,1,blue
Victoria,Australia,-37.8136,144.9631,2020-07-27,9049,83,3817,5149,Western Pacific,1,blue
Western Australia,Australia,-31.9505,115.8605,2020-07-27,659,9,647,3,Western Pacific,1,blue
,Austria,47.5162,14.5501,2020-07-27,20558,713,18246,1599,Europe,0,red
,Azerbaijan,40.1431,47.5769,2020-07-27,30446,423,23242,6781,Europe,1,blue
,Bahamas,25.025885,-78.035889,2020-07-27,382,11,91,280,Americas,0,red
,Bahrain,26.0275,50.55,2020-07-27,39482,141,36110,3231,Eastern Mediterranean,1,blue
,Bangladesh,23.685,90.3563,2020-07-27,226225,2965,125683,97577,South-East Asia,1,blue
,Barbados,13.1939,-59.5432,2020-07-27,110,7,94,9,Americas,0,red
,Belarus,53.7098,27.9534,2020-07-27,67251,538,60492,6221,Europe,1,blue
,Belgium,50.8333,4.469936,2020-07-27,66428,9822,17452,39154,Europe,0,red
,Benin,9.3077,2.3158,2020-07-27,1770,35,1036,699,Africa,0,red
,Bhutan,27.5142,90.4336,2020-07-27,99,0,86,13,South-East Asia,1,blue
,Bolivia,-16.2902,-63.5887,2020-07-27,71181,2647,21478,47056,Americas,0,red
,Bosnia and Herzegovina,43.9159,17.6791,2020-07-27,10498,294,4930,5274,Europe,0,red
,Brazil,-14.235,-51.9253,2020-07-27,2442375,87618,1846641,508116,Americas,2,green
,Brunei,4.5353,114.7277,2020-07-27,141,3,138,0,Western Pacific,1,blue
,Bulgaria,42.7339,25.4858,2020-07-27,10621,347,5585,4689,Europe,1,blue
,Burkina Faso,12.2383,-1.5616,2020-07-27,1100,53,926,121,Africa,0,red
,Cabo Verde,16.5388,-23.0418,2020-07-27,2328,22,1550,756,Africa,0,red
,Cambodia,11.55,104.9167,2020-07-27,226,0,147,79,Western Pacific,1,blue
,Cameroon,3.848,11.5021,2020-07-27,17110,391,14539,2180,Africa,0,red
Alberta,Canada,53.9333,-116.5765,2020-07-27,10390,186,0,10204,Americas,0,red
British Columbia,Canada,53.7267,-127.6476,2020-07-27,3500,193,0,3307,Americas,0,red
Manitoba,Canada,53.7609,-98.8139,2020-07-27,400,7,0,393,Americas,0,red
New Brunswick,Canada,46.5653,-66.4619,2020-07-27,170,2,0,168,Americas,0,red
Newfoundland and Labrador,Canada,53.1355,-57.6604,2020-07-27,266,3,0,263,Americas,0,red
Nova Scotia,Canada,44.682,-63.7443,2020-07-27,1067,63,0,1004,Americas,0,red
Ontario,Canada,51.2538,-85.3232,2020-07-27,40673,2807,0,37866,Americas,0,red
Prince Edward Island,Canada,46.5107,-63.4168,2020-07-27,36,0,0,36,Americas,0,red
Quebec,Canada,52.9399,-73.5491,2020-07-27,58728,5667,0,53061,Americas,0,red
Saskatchewan,Canada,52.9399,-106.4509,2020-07-27,1209,16,0,1193,Americas,0,red
,Central African Republic,6.6111,20.9394,2020-07-27,4599,59,1546,2994,Africa,1,blue
,Chad,15.4542,18.7322,2020-07-27,922,75,810,37,Africa,1,blue
,Chile,-35.6751,-71.543,2020-07-27,347923,9187,319954,18782,Americas,0,red
Anhui,China,31.8257,117.2264,2020-07-27,991,6,985,0,Western Pacific,1,blue
Beijing,China,40.1824,116.4142,2020-07-27,931,9,895,27,Western Pacific,1,blue
Chongqing,China,30.0572,107.874,2020-07-27,583,6,576,1,Western Pacific,1,blue
Fujian,China,26.0789,117.9874,2020-07-27,366,1,361,4,Western Pacific,1,blue
Gansu,China,35.7518,104.2861,2020-07-27,167,2,165,0,Western Pacific,1,blue
Guangdong,China,23.3417,113.4244,2020-07-27,1672,8,1645,19,Western Pacific,1,blue
Guangxi,China,23.8298,108.7881,2020-07-27,255,2,253,0,Western Pacific,1,blue
Guizhou,China,26.8154,106.8748,2020-07-27,147,2,145,0,Western Pacific,1,blue
Hainan,China,19.1959,109.7453,2020-07-27,171,6,165,0,Western Pacific,1,blue
Hebei,China,39.549,116.1306,2020-07-27,349,6,0,343,Western Pacific,1,blue
Heilongjiang,China,47.862,127.7615,2020-07-27,947,13,934,0,Western Pacific,1,blue
Henan,China,37.8957,114.9042,2020-07-27,1276,22,0,1254,Western Pacific,1,blue
Hong Kong,China,22.3,114.2,2020-07-27,2778,22,1486,1270,Western Pacific,1,blue
Hubei,China,30.9756,112.2707,2020-07-27,68135,4512,63623,0,Western Pacific,1,blue
Hunan,China,27.6104,111.7088,2020-07-27,1019,4,1015,0,Western Pacific,1,blue
Inner Mongolia,China,44.0935,113.9448,2020-07-27,258,1,244,13,Western Pacific,1,blue
Jiangsu,China,32.9711,119.455,2020-07-27,655,0,654,1,Western Pacific,1,blue
Jiangxi,China,27.614,115.7221,2020-07-27,932,1,931,0,Western Pacific,1,blue
Jilin,China,43.6661,126.1923,2020-07-27,157,2,153,2,Western Pacific,1,blue
Liaoning,China,41.2956,122.6085,2020-07-27,209,2,160,47,Western Pacific,1,blue
Macau,China,22.1667,113.55,2020-07-27,46,0,46,0,Western Pacific,1,blue
Ningxia,China,37.2692,106.1655,2020-07-27,75,0,75,0,Western Pacific,1,blue
Qinghai,China,35.7452,95.9956,2020-07-27,18,0,18,0,Western Pacific,1,blue
Shaanxi,China,35.1917,108.8701,2020-07-27,323,3,318,2,Western Pacific,1,blue
Shandong,China,36.3427,118.1498,2020-07-27,799,7,785,7,Western Pacific,1,blue
Shanghai,China,31.202,121.4491,2020-07-27,743,7,718,18,Western Pacific,1,blue
Shanxi,China,37.5777,112.2922,2020-07-27,201,0,201,0,Western Pacific,1,blue
Sichuan,China,30.6171,102.7103,2020-07-27,604,3,595,6,Western Pacific,1,blue
Tianjin,China,39.3054,117.323,2020-07-27,204,3,195,6,Western Pacific,1,blue
Tibet,China,31.6927,88.0924,2020-07-27,1,0,1,0,Western Pacific,1,blue
Xinjiang,China,41.1129,85.2401,2020-07-27,311,3,73,235,Western Pacific,1,blue
Yunnan,China,24.974,101.487,2020-07-27,190,2,186,2,Western Pacific,1,blue
Zhejiang,China,29.1832,120.0934,2020-07-27,1270,1,1268,1,Western Pacific,1,blue
,Colombia,4.5709,-74.2973,2020-07-27,257101,8777,131161,117163,Americas,0,red
,Congo (Brazzaville),-0.228,15.8277,2020-07-27,3200,54,829,2317,Africa,0,red
,Congo (Kinshasa),-4.0383,21.7587,2020-07-27,8844,208,5700,2936,Africa,1,blue
,Costa Rica,9.7489,-83.7534,2020-07-27,15841,115,3824,11902,Americas,0,red
,Cote d'Ivoire,7.54,-5.5471,2020-07-27,15655,96,10361,5198,Africa,0,red
,Croatia,45.1,15.2,2020-07-27,4881,139,3936,806,Europe,0,red
,Cuba,21.521757,-77.78116700000002,2020-07-27,2532,87,2351,94,Americas,0,red
,Cyprus,35.1264,33.4299,2020-07-27,1060,19,852,189,Europe,1,blue
,Czechia,49.8175,15.473,2020-07-27,15516,373,11428,3715,Europe,0,red
Faroe Islands,Denmark,61.8926,-6.9118,2020-07-27,214,0,188,26,Europe,0,red
Greenland,Greenland,71.7069,-42.6043,2020-07-27,14,0,13,1,Europe,0,red
,Denmark,56.2639,9.5018,2020-07-27,13547,613,12417,517,Europe,0,red
,Djibouti,11.8251,42.5903,2020-07-27,5059,58,4977,24,Eastern Mediterranean,1,blue
,Dominican Republic,18.7357,-70.1627,2020-07-27,64156,1083,30204,32869,Americas,0,red
,Ecuador,-1.8312,-78.1834,2020-07-27,81161,5532,34896,40733,Americas,0,red
,Egypt,26.820553000000004,30.802498,2020-07-27,92482,4652,34838,52992,Eastern Mediterranean,1,blue
,El Salvador,13.7942,-88.8965,2020-07-27,15035,408,7778,6849,Americas,0,red
,Equatorial Guinea,1.6508,10.2679,2020-07-27,3071,51,842,2178,Africa,0,red
,Eritrea,15.1794,39.7823,2020-07-27,265,0,191,74,Africa,1,blue
,Estonia,58.5953,25.0136,2020-07-27,2034,69,1923,42,Europe,1,blue
,Eswatini,-26.5225,31.4659,2020-07-27,2316,34,1025,1257,Africa,1,blue
,Ethiopia,9.145,40.4897,2020-07-27,14547,228,6386,7933,Africa,1,blue
,Fiji,-17.7134,178.065,2020-07-27,27,0,18,9,Western Pacific,1,blue
,Finland,61.92411,25.748151,2020-07-27,7398,329,6920,149,Europe,1,blue
French Guiana,France,3.9339,-53.1258,2020-07-27,7514,42,6047,1425,Europe,0,red
French Polynesia,France,-17.6797,149.4068,2020-07-27,62,0,60,2,Europe,1,blue
Guadeloupe,France,16.265,-61.551,2020-07-27,203,14,176,13,Europe,0,red
Mayotte,France,-12.8275,45.166244,2020-07-27,2900,38,2672,190,Europe,1,blue
New Caledonia,France,-20.904305,165.618042,2020-07-27,22,0,22,0,Europe,1,blue
Reunion,France,-21.1151,55.5364,2020-07-27,657,4,592,61,Europe,1,blue
Saint Barthelemy,France,17.9,-62.8333,2020-07-27,7,0,6,1,Europe,0,red
St Martin,France,18.0708,-63.0501,2020-07-27,49,3,41,5,Europe,0,red
Martinique,France,14.6415,-61.0242,2020-07-27,269,15,98,156,Europe,0,red
,France,46.2276,2.2137,2020-07-27,208665,30096,71497,107072,Europe,0,red
,Gabon,-0.8037,11.6094,2020-07-27,7189,49,4682,2458,Africa,0,red
,Gambia,13.4432,-15.3101,2020-07-27,326,8,66,252,Africa,0,red
,Georgia,42.3154,43.3569,2020-07-27,1137,16,922,199,Europe,1,blue
,Germany,51.165691,10.451526,2020-07-27,207112,9125,190314,7673,Europe,0,red
,Ghana,7.9465,-1.0232,2020-07-27,33624,168,29801,3655,Africa,0,red
,Greece,39.0742,21.8243,2020-07-27,4227,202,1374,2651,Europe,1,blue
,Guatemala,15.7835,-90.2308,2020-07-27,45309,1761,32455,11093,Americas,0,red
,Guinea,9.9456,-9.6966,2020-07-27,7055,45,6257,753,Africa,0,red
,Guyana,4.860416000000002,-58.93018000000001,2020-07-27,389,20,181,188,Americas,0,red
,Haiti,18.9712,-72.2852,2020-07-27,7340,158,4365,2817,Americas,0,red
,Holy See,41.9029,12.4534,2020-07-27,12,0,12,0,Europe,0,red
,Honduras,15.2,-86.2419,2020-07-27,39741,1166,5039,33536,Americas,0,red
,Hungary,47.1625,19.5033,2020-07-27,4448,596,3329,523,Europe,1,blue
,Iceland,64.9631,-19.0208,2020-07-27,1854,10,1823,21,Europe,0,red
,India,20.593684,78.96288,2020-07-27,1480073,33408,951166,495499,South-East Asia,1,blue
,Indonesia,-0.7893,113.9213,2020-07-27,100303,4838,58173,37292,South-East Asia,1,blue
,Iran,32.427908,53.68804599999999,2020-07-27,293606,15912,255144,22550,Eastern Mediterranean,1,blue
,Iraq,33.223191,43.679291,2020-07-27,112585,4458,77144,30983,Eastern Mediterranean,1,blue
,Ireland,53.1424,-7.6921,2020-07-27,25892,1764,23364,764,Europe,0,red
,Israel,31.046051,34.851612,2020-07-27,63985,474,27133,36378,Europe,1,blue
,Italy,41.87194,12.56738,2020-07-27,246286,35112,198593,12581,Europe,0,red
,Jamaica,18.1096,-77.2975,2020-07-27,853,10,714,129,Americas,0,red
,Japan,36.204824,138.252924,2020-07-27,31142,998,21970,8174,Western Pacific,1,blue
,Jordan,31.24,36.51,2020-07-27,1176,11,1041,124,Eastern Mediterranean,1,blue
,Kazakhstan,48.0196,66.9237,2020-07-27,84648,585,54404,29659,Europe,1,blue
,Kenya,-0.0236,37.9062,2020-07-27,17975,285,7833,9857,Africa,1,blue
,South Korea,35.90775700000001,127.766922,2020-07-27,14203,300,13007,896,Western Pacific,1,blue
,Kuwait,29.31166,47.481766,2020-07-27,64379,438,55057,8884,Eastern Mediterranean,1,blue
,Kyrgyzstan,41.20438,74.766098,2020-07-27,33296,1301,21205,10790,Europe,1,blue
,Latvia,56.8796,24.6032,2020-07-27,1219,31,1045,143,Europe,1,blue
,Lebanon,33.8547,35.8623,2020-07-27,3882,51,1709,2122,Eastern Mediterranean,1,blue
,Liberia,6.4280550000000005,-9.429499,2020-07-27,1167,72,646,449,Africa,0,red
,Liechtenstein,47.14,9.55,2020-07-27,86,1,81,4,Europe,0,red
,Lithuania,55.1694,23.8813,2020-07-27,2019,80,1620,319,Europe,1,blue
,Luxembourg,49.8153,6.1296,2020-07-27,6321,112,4825,1384,Europe,0,red
,Madagascar,-18.766947,46.869107,2020-07-27,9690,91,6260,3339,Africa,1,blue
,Malaysia,4.210483999999999,101.975766,2020-07-27,8904,124,8601,179,Western Pacific,1,blue
,Maldives,3.2028,73.2207,2020-07-27,3369,15,2547,807,South-East Asia,1,blue
,Malta,35.9375,14.3754,2020-07-27,701,9,665,27,Europe,0,red
,Mauritania,21.0079,-10.9408,2020-07-27,6208,156,4653,1399,Africa,0,red
,Mauritius,-20.348404,57.552152,2020-07-27,344,10,332,2,Africa,1,blue
,Mexico,23.6345,-102.5528,2020-07-27,395489,44022,303810,47657,Americas,0,red
,Moldova,47.4116,28.3699,2020-07-27,23154,748,16154,6252,Europe,1,blue
,Monaco,43.7333,7.4167,2020-07-27,116,4,104,8,Europe,0,red
,Mongolia,46.8625,103.8467,2020-07-27,289,0,222,67,Western Pacific,1,blue
,Montenegro,42.708678000000006,19.37439,2020-07-27,2893,45,809,2039,Europe,1,blue
,Morocco,31.7917,-7.0926,2020-07-27,20887,316,16553,4018,Eastern Mediterranean,0,red
,Namibia,-22.9576,18.4904,2020-07-27,1843,8,101,1734,Africa,1,blue
,Nepal,28.1667,84.25,2020-07-27,18752,48,13754,4950,South-East Asia,1,blue
Aruba,Netherlands,12.5211,-69.9683,2020-07-27,119,3,102,14,Europe,0,red
Curacao,Netherlands,12.1696,-68.99,2020-07-27,29,1,24,4,Europe,0,red
Sint Maarten,Netherlands,18.0425,-63.0548,2020-07-27,114,15,63,36,Europe,0,red
,Netherlands,52.1326,5.2913,2020-07-27,53151,6141,0,47010,Europe,0,red
,New Zealand,-40.9006,174.886,2020-07-27,1557,22,1514,21,Western Pacific,1,blue
,Nicaragua,12.865416,-85.207229,2020-07-27,3439,108,2492,839,Americas,0,red
,Niger,17.607789,8.081666,2020-07-27,1132,69,1027,36,Africa,0,red
,Nigeria,9.082,8.6753,2020-07-27,41180,860,18203,22117,Africa,0,red
,North Macedonia,41.6086,21.7453,2020-07-27,10213,466,5564,4183,Europe,1,blue
,Norway,60.472,8.4689,2020-07-27,9132,255,8752,125,Europe,0,red
,Oman,21.512583,55.92325500000001,2020-07-27,77058,393,57028,19637,Eastern Mediterranean,1,blue
,Pakistan,30.3753,69.3451,2020-07-27,274289,5842,241026,27421,Eastern Mediterranean,1,blue
,Panama,8.538,-80.7821,2020-07-27,61442,1322,35086,25034,Americas,0,red
,Papua New Guinea,-6.314993,143.95555,2020-07-27,62,0,11,51,Western Pacific,1,blue
,Paraguay,-23.4425,-58.4438,2020-07-27,4548,43,2905,1600,Americas,0,red
,Peru,-9.19,-75.0152,2020-07-27,389717,18418,272547,98752,Americas,0,red
,Philippines,12.879721,121.774017,2020-07-27,82040,1945,26446,53649,Western Pacific,1,blue
,Poland,51.9194,19.1451,2020-07-27,43402,1676,32856,8870,Europe,1,blue
,Portugal,39.3999,-8.2245,2020-07-27,50299,1719,35375,13205,Europe,0,red
,Qatar,25.3548,51.1839,2020-07-27,109597,165,106328,3104,Eastern Mediterranean,1,blue
,Romania,45.9432,24.9668,2020-07-27,45902,2206,25794,17902,Europe,1,blue
,Russia,61.52401,105.318756,2020-07-27,816680,13334,602249,201097,Europe,1,blue
,Rwanda,-1.9403,29.8739,2020-07-27,1879,5,975,899,Africa,1,blue
,Saint Lucia,13.9094,-60.9789,2020-07-27,24,0,22,2,Americas,0,red
,Saint Vincent and the Grenadines,12.9843,-61.2872,2020-07-27,52,0,39,13,Americas,0,red
,San Marino,43.9424,12.4578,2020-07-27,699,42,657,0,Europe,0,red
,Saudi Arabia,23.885942,45.079162,2020-07-27,268934,2760,222936,43238,Eastern Mediterranean,1,blue
,Senegal,14.4974,-14.4524,2020-07-27,9764,194,6477,3093,Africa,0,red
,Serbia,44.0165,21.0059,2020-07-27,24141,543,0,23598,Europe,1,blue
,Seychelles,-4.6796,55.492,2020-07-27,114,0,39,75,Africa,1,blue
,Singapore,1.2833,103.8333,2020-07-27,50838,27,45692,5119,Western Pacific,1,blue
,Slovakia,48.669,19.699,2020-07-27,2181,28,1616,537,Europe,1,blue
,Slovenia,46.1512,14.9955,2020-07-27,2087,116,1733,238,Europe,0,red
,Somalia,5.152149,46.199616,2020-07-27,3196,93,1543,1560,Eastern Mediterranean,1,blue
,South Africa,-30.5595,22.9375,2020-07-27,452529,7067,274925,170537,Africa,1,blue
,Spain,40.463667,-3.74922,2020-07-27,272421,28432,150376,93613,Europe,0,red
,Sri Lanka,7.873054,80.77179699999998,2020-07-27,2805,11,2121,673,South-East Asia,1,blue
,Sudan,12.8628,30.2176,2020-07-27,11424,720,5939,4765,Eastern Mediterranean,1,blue
,Suriname,3.9193,-56.0278,2020-07-27,1483,24,925,534,Americas,0,red
,Sweden,60.128161,18.643501,2020-07-27,79395,5700,0,73695,Europe,1,blue
,Switzerland,46.8182,8.2275,2020-07-27,34477,1978,30900,1599,Europe,0,red
,Taiwan*,23.7,121.0,2020-07-27,462,7,440,15,Western Pacific,1,blue
,Tanzania,-6.369028,34.888822,2020-07-27,509,21,183,305,Africa,1,blue
,Thailand,15.870032,100.992541,2020-07-27,3297,58,3111,128,South-East Asia,1,blue
,Togo,8.6195,0.8248,2020-07-27,874,18,607,249,Africa,0,red
,Trinidad and Tobago,10.6918,-61.2225,2020-07-27,148,8,128,12,Americas,0,red
,Tunisia,33.886917,9.537499,2020-07-27,1455,50,1157,248,Eastern Mediterranean,0,red
,Turkey,38.9637,35.2433,2020-07-27,227019,5630,210469,10920,Europe,1,blue
,Uganda,1.373333,32.290275,2020-07-27,1128,2,986,140,Africa,1,blue
,Ukraine,48.3794,31.1656,2020-07-27,67096,1636,37202,28258,Europe,1,blue
,United Arab Emirates,23.424076,53.847818,2020-07-27,59177,345,52510,6322,Eastern Mediterranean,1,blue
Bermuda,United Kingdom,32.3078,-64.7505,2020-07-27,154,9,141,4,Europe,0,red
Cayman Islands,United Kingdom,19.3133,-81.2546,2020-07-27,203,1,202,0,Europe,0,red
Channel Islands,United Kingdom,49.3723,-2.3644,2020-07-27,584,47,533,4,Europe,0,red
Gibraltar,United Kingdom,36.1408,-5.3536,2020-07-27,185,0,180,5,Europe,0,red
Isle of Man,United Kingdom,54.2361,-4.5481,2020-07-27,336,24,312,0,Europe,0,red
Montserrat,United Kingdom,16.742498,-62.187366,2020-07-27,12,1,10,1,Europe,0,red
,United Kingdom,55.3781,-3.4360000000000004,2020-07-27,300111,45759,0,254352,Europe,0,red
,Uruguay,-32.5228,-55.7658,2020-07-27,1202,35,951,216,Americas,0,red
,US,40.0,-100.0,2020-07-27,4290259,148011,1325804,2816444,Americas,2,green
,Uzbekistan,41.377491,64.585262,2020-07-27,21209,121,11674,9414,Europe,1,blue
,Venezuela,6.4238,-66.5897,2020-07-27,15988,146,9959,5883,Americas,0,red
,Vietnam,14.058324,108.277199,2020-07-27,431,0,365,66,Western Pacific,1,blue
,Zambia,-13.133897,27.849332,2020-07-27,4552,140,2815,1597,Africa,1,blue
,Zimbabwe,-19.015438,29.154857,2020-07-27,2704,36,542,2126,Africa,1,blue
,Dominica,15.415,-61.371,2020-07-27,18,0,18,0,Americas,0,red
,Grenada,12.1165,-61.679,2020-07-27,23,0,23,0,Americas,0,red
,Mozambique,-18.665695,35.529562,2020-07-27,1701,11,0,1690,Africa,1,blue
,Syria,34.802075,38.99681500000001,2020-07-27,674,40,0,634,Eastern Mediterranean,1,blue
,Timor-Leste,-8.874217,125.727539,2020-07-27,24,0,0,24,South-East Asia,1,blue
,Belize,17.1899,-88.4976,2020-07-27,48,2,26,20,Americas,0,red
,Laos,19.85627,102.495496,2020-07-27,20,0,19,1,Western Pacific,1,blue
,Libya,26.3351,17.228331,2020-07-27,2827,64,577,2186,Eastern Mediterranean,0,red
,West Bank and Gaza,31.9522,35.2332,2020-07-27,10621,78,3752,6791,Eastern Mediterranean,1,blue
,Guinea-Bissau,11.8037,-15.1804,2020-07-27,1954,26,803,1125,Africa,0,red
,Mali,17.570692,-3.996166000000001,2020-07-27,2513,124,1913,476,Africa,0,red
,Saint Kitts and Nevis,17.357822,-62.782998,2020-07-27,17,0,15,2,Americas,0,red
Northwest Territories,Canada,64.8255,-124.8457,2020-07-27,5,0,0,5,Americas,0,red
Yukon,Canada,64.2823,-135.0,2020-07-27,14,0,0,14,Americas,0,red
,Kosovo,42.602636,20.902977,2020-07-27,7413,185,4027,3201,Europe,1,blue
,Burma,21.9162,95.956,2020-07-27,350,6,292,52,South-East Asia,1,blue
Anguilla,United Kingdom,18.2206,-63.0686,2020-07-27,3,0,3,0,Europe,0,red
British Virgin Islands,United Kingdom,18.4207,-64.64,2020-07-27,8,1,7,0,Europe,0,red
Turks and Caicos Islands,United Kingdom,21.69400000000001,-71.7979,2020-07-27,99,2,36,61,Europe,0,red
,Botswana,-22.3285,24.6849,2020-07-27,739,2,63,674,Africa,1,blue
,Burundi,-3.3731,29.9189,2020-07-27,378,1,301,76,Africa,1,blue
,Sierra Leone,8.460555000000001,-11.779889,2020-07-27,1783,66,1317,400,Africa,0,red
,Malawi,-13.2543,34.3015,2020-07-27,3664,99,1645,1920,Africa,1,blue
Falkland Islands (Malvinas),United Kingdom,-51.7963,-59.5236,2020-07-27,13,0,13,0,Europe,0,red
Saint Pierre and Miquelon,France,46.8852,-56.3159,2020-07-27,4,0,1,3,Europe,0,red
,South Sudan,6.877000000000002,31.307,2020-07-27,2305,46,1175,1084,Africa,1,blue
,Western Sahara,24.2155,-12.8858,2020-07-27,10,1,8,1,Africa,0,red
,Sao Tome and Principe,0.1864,6.6131,2020-07-27,865,14,734,117,Africa,0,red
,Yemen,15.552727,48.516388,2020-07-27,1691,483,833,375,Eastern Mediterranean,1,blue
,Comoros,-11.6455,43.3333,2020-07-27,354,7,328,19,Africa,1,blue
,Tajikistan,38.861,71.2761,2020-07-27,7235,60,6028,1147,Europe,1,blue
,Lesotho,-29.61,28.2336,2020-07-27,505,12,128,365,Africa,1,blue
